{"game":444.4444444444,"stop":333.3333333333,"ads":333.3333333333,"update":222.2222222222,"adds":222.2222222222}