{"game":766.1971830986,"update":321.1267605634,"fix":230.985915493,"play":202.8169014085,"like":115.4929577465,"good":109.8591549296,"love":101.4084507042,"let":95.7746478873,"says":90.1408450704,"gems":84.5070422535,"just":78.8732394366,"phone":78.8732394366,"lost":78.8732394366,"new":78.8732394366,"account":78.8732394366,"won":76.0563380282,"download":76.0563380282,"bug":73.2394366197,"keeps":70.4225352113,"don":67.6056338028,"hate":64.7887323944,"crashes":61.9718309859,"stuff":61.9718309859,"got":61.9718309859,"time":59.1549295775,"great":59.1549295775,"gun":56.338028169,"coins":56.338028169,"deleted":56.338028169,"pls":56.338028169,"games":53.5211267606,"plz":53.5211267606,"fun":53.5211267606,"money":50.7042253521,"help":47.8873239437,"really":47.8873239437,"need":47.8873239437,"alot":45.0704225352,"lot":45.0704225352,"crashing":45.0704225352,"data":45.0704225352,"space":45.0704225352,"install":45.0704225352,"gone":45.0704225352,"takes":45.0704225352,"did":42.2535211268,"level":42.2535211268,"trophies":42.2535211268,"stars":42.2535211268,"thing":42.2535211268}