{"graphics":936.5079365079,"game":730.1587301587,"good":523.8095238095,"great":285.7142857143,"like":253.9682539683,"love":206.3492063492,"awesome":158.7301587302,"fun":142.8571428571,"minecraft":126.9841269841,"really":126.9841269841,"better":111.1111111111,"cool":111.1111111111,"controls":111.1111111111,"guns":111.1111111111,"amazing":95.2380952381,"play":95.2380952381,"addictive":79.3650793651,"guys":63.4920634921,"perfect":63.4920634921,"nice":63.4920634921,"gameplay":63.4920634921,"games":63.4920634921,"think":63.4920634921,"playing":47.619047619,"kinda":47.619047619,"update":47.619047619,"just":47.619047619,"plays":47.619047619,"pixel":47.619047619,"clan":31.746031746,"cause":31.746031746,"bit":31.746031746,"best":31.746031746,"way":31.746031746,"hard":31.746031746,"duty":31.746031746,"gun":31.746031746,"lag":31.746031746,"lit":31.746031746,"mini":31.746031746,"need":31.746031746,"new":31.746031746,"shooter":31.746031746,"smooth":31.746031746,"time":31.746031746,"add":31.746031746}